,Fecha,Proveedor,TIPO GASTO,Descripción,MP,Importe,IVA,TOTAL MX,TOTAL SAT,Status,Poliza
0,2023-01-01,AESA ARTICULOS ELECTRICOS,COMPRAS,Pago,Pago,0.0,0.0,0.0,0.0,Vigente,PE01-ENE23
1,2023-01-01,AESA ARTICULOS ELECTRICOS,COMPRAS,Pago,Pago,0.0,0.0,0.0,0.0,Vigente,PE01-ENE23
2,2023-01-01,BEPENSA LEASING S.A. DE C.V.,ARRENDAMIENTO FINANCIERO,AA RENTA EXIGIBLE CL0000006876 30/36 de 03/12/2022 a 02/01/2023,PPD,5551.38,888.22,6439.6,6439.6,Vigente,PE01-ENE23
3,2023-01-01,BEPENSA LEASING S.A. DE C.V.,ARRENDAMIENTO FINANCIERO,AA RENTA EXIGIBLE CL0000006877 30/36 de 03/12/2022 a 02/01/2023,PPD,5551.98,888.32,6440.299999999999,6440.3,Vigente,PE02-ENE23
4,2023-01-01,BEPENSA LEASING S.A. DE C.V.,ARRENDAMIENTO FINANCIERO,AA RENTA EXIGIBLE CL0000009486 5/48 de 03/12/2022 a 02/01/2023,PPD,8454.37,1352.7,9807.070000000002,9807.07,Vigente,PE03-ENE23
5,2023-01-01,"BANCO NACIONAL DE MEXICO, S.A.",COMISION BANCARIA,COMISION COBRADA,PUE,490.0,78.4,568.4,568.4,Vigente,PE50-FEB23
6,2023-01-01,"BANCO NACIONAL DE MEXICO, S.A.",COMISION BANCARIA,Servicios de Facturación,PUE,0.0,0.0,0.0,0.0,Vigente,PE50-FEB23
7,2023-01-01,INGE MARIA DEL CARMEN DE ROSENZWEIG FERNANDEZ,CAPACITACION,"SERVICIOS DE CONSULTORIA Y COACHING DEL MES DE
ENERO 2023",PPD,4543.1,726.9,5213.21,5213.21,Vigente,PE100-ENE23
8,2023-01-01,"SEGUROS BANORTE SA DE CV, GRUPO FINANCIERO BANORTE",SEGUROS,PRIMA. RECIBO:57888075,PUE,1717.25,0.0,1717.25,1717.25,Vigente,PE136-ENE23
9,2023-01-01,CARLOS ENRIQUE ZERMEÑO GUTIERREZ,COMPRAS,Pago,Pago,0.0,0.0,0.0,0.0,Vigente,PD02-ENE23
10,2023-01-01,BEPENSA LEASING S.A. DE C.V.,ARRENDAMIENTO FINANCIERO,Pago,Pago,0.0,0.0,0.0,0.0,Vigente,PD02-ENE23
11,2023-01-01,BEPENSA LEASING S.A. DE C.V.,ARRENDAMIENTO FINANCIERO,Pago,Pago,0.0,0.0,0.0,0.0,Vigente,PD02-ENE23
12,2023-01-01,BEPENSA LEASING S.A. DE C.V.,ARRENDAMIENTO FINANCIERO,Pago,Pago,0.0,0.0,0.0,0.0,Vigente,PD02-ENE23
13,2023-01-01,COMERCIALIZADORA ELECTRICA INDUSTRIAL VAZQUEZ,COMPRAS,Pago,Pago,0.0,0.0,0.0,0.0,Vigente,PD02-ENE23
14,2023-01-01,COSTCO DE MEXICO,NO DEDUCIBLE,QUESO MONTEREY JACK 907 G KIRKLAND SIGNATURE,PUE,2265.8399999999997,37.11,2302.95,2302.95,Vigente,PD02-ENE23
15,2023-01-01,INTERCAM FONDOS SA DE CV SOCIEDAD OPERADORA DE FONDOS DE INVERSION INTERCAM GRUPO FINANCIERO,COMISION BANCARIA,Comisiones y Otros Cargos,PUE,0.0,0.0,0.0,0.0,Vigente,PD02-ENE23
16,2023-01-01,"PROMOCIONES GRAFICAS MEXICANAS, S.A. DE C.V.",PUBLICIDAD,Pago,Pago,0.0,0.0,0.0,0.0,Vigente,PD02-ENE23
17,2023-01-01,TELEFONOS DE MEXICO S.A.B. DE C.V.,TELEFONO,SUSCRIPCION NETFLIX,PPD,2623.03,401.28,3024.3100000000004,3024.31,Vigente,PE96-ENE23
18,2023-01-01,ASPEL DE MEXICO,MTTO COMPUTO,Suscripción ASPEL-NOI Mensual 1 Usr(s),PUE,428.0,68.48,496.48,496.48,Vigente,PE05-ENE23
19,2023-01-01,ASOCIACION DE TRABAJADORES A LA VANGUARDIA,COMISION MIXTA,CUOTA EXTRAORDINARIA,PUE,5000.0,0.0,5000.0,5000.0,Vigente,PE06-ENE23
20,2023-01-01,ASOCIACION DE TRABAJADORES A LA VANGUARDIA,COMISION MIXTA,ADMINISTRACION DE PROGRAMA DE COMPETITIVIDAD CON NUMERO DE FOLIO  CALOR/PEPCE/ATVANGUARDIA/123/2021,PUE,22316.98,0.0,22316.98,22316.98,Vigente,PE14-ENE23
21,2023-01-01,"INTERCAM BANCO S.A., INSTITUCION DE BANCA MULTIPLE, INTERCAM GRUPO FINANCIERO",COMISION BANCARIA,COMISIÓN POR TIMBRADO FISCAL,PUE,0.0,0.0,0.0,0.0,Vigente,PE14-ENE23
22,2023-01-01,"INTERCAM BANCO S.A., INSTITUCION DE BANCA MULTIPLE, INTERCAM GRUPO FINANCIERO",COMISION BANCARIA,COMISION POR TIMBRADO FISCAL,PUE,0.0,0.0,0.0,0.0,Vigente,PE14-ENE23
23,2023-01-01,"""J&M INTERCOPY""",MTTO COMPUTO,MICROSOFT 365 APPS FOR BUSINESSVLIC,PPD,2223.0,355.68,2578.68,2578.68,Vigente,PE15-ENE23
24,2023-01-01,NOVATEL MEXICANA SA DE CV,COMPRAS,"BANDA 0.010"" TWO PLY 15 MM  X 750 MM",PPD,1960.0,313.6,2273.6,2273.6,Vigente,PD02-ENE23/PE112-FEB23
25,2023-01-01,NOVATEL MEXICANA SA DE CV,COMPRAS,Pago,Pago,0.0,0.0,0.0,0.0,Vigente,PD02-ENE23
26,2023-01-01,SERVICIOS CORPORATIVOS ESPECIALIZADOS DE PRODUCTIVIDAD Y COMPETITIVIDAD EMPRESARIAL,HONORARIOS PM,SERVICIOS LEGALES SOBRE DERECHO LABORAL,PUE,2231.7,357.07,2588.77,2588.77,Vigente,PE13-ENE23
27,2023-01-01,SEGURIDAD INDUSTRIAL AMIGO,UNIFORMES,"Overol, con Gorro y Elástico en Muñecas y Tobillos Tyvek Dupont, Blanco, TY127S, LG",PUE,107.82,17.25,125.07,125.07,Vigente,PE74-ENE23
28,2023-01-01,ADT PRIVATE SECURITY SERVICES DE MEXICO,MONITOREO CAMARAS ADT,Monitoreo Dual Com Ret,PUE,1452.0,232.32,1684.32,1684.32,Vigente,PE07-ENE23
29,2023-01-01,COSTCO DE MEXICO,NO DEDUCIBLE,CLEMENTINAS 2.2 KG.,PUE,750.98,44.32,795.3000000000001,795.3,Vigente,PE07-ENE23
30,2023-01-01,COSTCO DE MEXICO,NO DEDUCIBLE,ROSCA DE REYES 2 KG KIRKLAND SIGNATURE,PUE,349.0,0.0,349.0,349.0,Vigente,PE07-ENE23
31,2023-01-01,NOVATEL MEXICANA SA DE CV,COMPRAS,"CINTA 0.005"" C/A STD DE 3"" X 33 MT",PPD,17160.0,2745.6,19905.6,19905.6,Vigente,PD02-ENE23
32,2023-01-01,TORNILLEROS UNIDOS DEL BAJIO SA DE CV,COMPRAS ,DURACELL - PILA ALCALINA 9V (PAQUETE),PUE,604.73,96.76,701.49,701.49,Vigente,PE74-ENE23
33,2023-01-01,ADT Private Security Services de México S.A. de C.V.,MONITOREO CAMARAS ADT,Pago,Pago,0.0,0.0,0.0,0.0,Vigente,PE74-ENE23
34,2023-01-01,COMERCIALIZADORA ELECTRICA INDUSTRIAL VAZQUEZ,COMPRAS,Pago,Pago,0.0,0.0,0.0,0.0,Vigente,PD02-ENE23
35,2023-01-01,COMERCIALIZADORA ELECTRICA INDUSTRIAL VAZQUEZ,COMPRAS,Pago,Pago,0.0,0.0,0.0,0.0,Vigente,PD02-ENE23
36,2023-01-01,PEDRO MENDOZA MARTINEZ,COMPRAS,Disco S-Prec Corte A.Inox  115x1x22.2 A46UBFINOX#                                 CVE:  750,PUE,406.55,65.05,471.6,471.6,Vigente,PE74-ENE23
37,2023-01-01,NOVATEL MEXICANA SA DE CV,COMPRAS,"CINTA 0.005"" C/A STD DE 3/4"" X 33 MT",PPD,6847.94,1095.67,7943.61,7943.61,Vigente,PD02-ENE23
38,2023-01-01,ASPEL DE MEXICO,MTTO COMPUTO,Suscripción ASPEL-BANCO Mensual 1 Usr(s),PUE,335.0,53.6,388.6,388.6,Vigente,PE19-ENE23
39,2023-01-01,DHL EXPRESS MEXICO,MENSAJERIA,Pago,Pago,0.0,0.0,0.0,0.0,Vigente,PE19-ENE23
40,2023-01-01,AESA ARTICULOS ELECTRICOS,COMPRAS,TUBO PARA CARTUCHO 5/8 (15CM 7B GD),PPD,3900.0,624.0,4524.0,4524.0,Vigente,PD02-ENE23/PE51-FEB23
41,2023-01-01,COMERCIALIZADORA ELECTRICA INDUSTRIAL VAZQUEZ,COMPRAS,ALAMBRE NICROMEL KANTHAL 80/20 CALIBRE 30,PPD,9277.64,1484.42,10762.06,10762.06,Vigente,PD02-ENE23/PE48-FEB23
42,2023-01-01,COSTCO DE MEXICO,NO DEDUCIBLE,30 TAB DRUSEN MEGA,PUE,1703.31,272.52,1975.83,1975.83,Vigente,PD02-ENE23/PE48-FEB23
43,2023-01-01,COSTCO DE MEXICO,NO DEDUCIBLE,PASAS CUBIERTAS DE CHOCOLATE 1.53 KG KIRKLAND SIGNATURE,PUE,2273.63,267.69,2541.32,2541.32,Vigente,PD02-ENE23/PE48-FEB23
44,2023-01-01,AT&T COMERCIALIZACION MOVIL,TELEFONO,"REDMI 10A GRIS GRAFITO ATT, SIM 8952050402220317623F, IMEI 863696067189549",PUE,0.0,0.0,0.0,0.0,Vigente,PD02-ENE23/PE48-FEB23
45,2023-01-01,"""J&M INTERCOPY""",MTTO COMPUTO,Pago,Pago,0.0,0.0,0.0,0.0,Vigente,PD02-ENE23/PE48-FEB23
46,2023-01-01,JOSE ISMAEL MANCILLA COLUNGA,HONORARIOS CONTABLES,S CONTABLE MES DICIEMBRE 2022,PUE,4396.55,703.45,5100.0,5100.0,Vigente,PE48-ENE23
47,2023-01-01,MARISOL MENDOZA CHAVEZ,COMPRAS,GAS OXIGENO INDUSTRIAL 9.5  M3 .,PPD,560.35,89.66,650.01,650.01,Vigente,PE102-ENE23
48,2023-01-01,NOVATEL MEXICANA SA DE CV,COMPRAS,Pago,Pago,0.0,0.0,0.0,0.0,Vigente,PD02-ENE23
49,2023-01-01,NOVATEL MEXICANA SA DE CV,COMPRAS,Pago,Pago,0.0,0.0,0.0,0.0,Vigente,PD02-ENE23
50,2023-01-01,PRODUCTOS REFRACTARIOS PARA LA INDUSTRIA,COMPRAS,Pago,Pago,0.0,0.0,0.0,0.0,Vigente,PD02-ENE23
51,2023-01-01,CARLOS ENRIQUE ZERMEÑO GUTIERREZ,COMPRAS,VARILLA DE SOLDADURA DE PLATA AL 35% EN 1/16 X 18,PPD,7710.39,1233.66,8944.050000000001,8944.05,Vigente,PD02-ENE23
52,2023-01-01,Autotransportes de Carga Tresguerras S.A de C.V.,PAQUETERIA,Flete (IZT03462671),PPD,140.09,22.41,158.6,158.6,Vigente,PE74-ENE23
53,2023-01-01,ASPEL DE MEXICO,MTTO COMPUTO,Suscripción ASPEL-COI Mensual 1 Usr(s),PUE,377.0,60.32,437.32,437.32,Vigente,PE29-ENE23
54,2023-01-01,NUEVA WAL MART DE MEXICO,ALIMENTOS,GV AZUCAR,PUE,571.0,0.0,571.0,571.0,Vigente,PE74-ENE23
55,2023-01-01,SANJUANA VARGAS ALMANZA,COMPRAS,"AX41A - Control de temperatura digital 1/16 Din  48x48mm  entrada  J, K, pt100 , salida SSR + Rele + Rele  alim 100-240vca ",PPD,3072.96,491.67,3564.63,3564.63,Vigente,PE74-ENE23
56,2023-01-01,AESA ARTICULOS ELECTRICOS,COMPRAS,INTERRUPTOR 3 CALORES,PPD,2822.38,451.58,3273.96,3273.96,Vigente,PD02-ENE23/PE51-FEB23
57,2023-01-01,AESA ARTICULOS ELECTRICOS,COMPRAS,TUBO PARA CARTUCHO 1/2 (15CM 7B),PPD,525.0,84.0,609.0,609.0,Vigente,PD02-ENE23/PE51-FEB23
58,2023-01-01,CACELEC,COMPRAS,"TIPO CAFETERA TY60 FIJO 55ºC, CAMPINI, TERMOSTATO BIMETALICO",PPD,2868.14,458.9,3327.04,3327.04,Vigente,PD02-ENE23/PE92-FEB23
59,2023-01-01,COMERCIALIZADORA ELECTRICA INDUSTRIAL VAZQUEZ,COMPRAS,Pago,Pago,0.0,0.0,0.0,0.0,Vigente,PD02-ENE23
60,2023-01-01,COMERCIALIZADORA ELECTRICA INDUSTRIAL VAZQUEZ,COMPRAS,"TAPON LATON MACIZO 2"" NPT #11",PPD,28993.3,4638.93,33632.229999999996,33632.23,Vigente,PD02-ENE23/PE69-FEB23
61,2023-01-01,ELECTROTERMICA NACIONAL,COMPRAS,"CABLE PARA TERMOPAR tipo J, calibre 20, con forro de P.V.C., codigo J-PVC/PVC-20. (109267-1 MO)",PPD,9240.0,1478.4,10718.4,10718.4,Vigente,PD02-ENE23
62,2023-01-01,FERREHERRAMIENTAS,COMPRAS,TOR GOTA COMB GALV 3/16 x 1/4,PUE,132.0,21.12,153.12,153.12,Vigente,PE74-ENE23
63,2023-01-01,"INFRA, S.A. DE C.V.",COMPRAS,CARGA DE SPARK LASER O2 ASISTENCIA CL,PUE,522.47,83.6,606.07,606.07,Vigente,PE34-ENE23
64,2023-01-01,MR MULTISERVICIOS INDUSTRIALES,COMPRAS,"BARRA RED AC INOX T-304 DE  1/2""",PUE,273.0,43.68,316.68,316.68,Vigente,PD02-ENE23/PE74-ENE23
65,2023-01-01,AUTOCOM NOVA SAPI DE CV,MTTO TRANSPORTE,"SERVICIO 40,000KM MARCH",PUE,5732.759999999999,917.24,6649.999999999999,6650.0,Vigente,PE40-ENE23
66,2023-01-01,"AR PIROMETRIA E INGENIERIA, S.A. DE C.V.",COMPRAS,Pago,Pago,0.0,0.0,0.0,0.0,Vigente,PD02-ENE23
67,2023-01-01,"AR PIROMETRIA E INGENIERIA, S.A. DE C.V.",COMPRAS,"ALAMBRE DESNUDO PARA TERMOPAR TIPO K POSITIVO, CAL. 8 AWG
",PPD,8700.0,1392.0,10092.0,10092.0,Vigente,PD02-ENE23
68,2023-01-01,"AR PIROMETRIA E INGENIERIA, S.A. DE C.V.",COMPRAS,"AISLADOR OVALADO CAL.8 AWG DE 2 CANALES X 3"" DE LARGO
",PPD,1500.0,240.0,1740.0,1740.0,Vigente,PD02-ENE23
69,2023-01-01,ASOCIACION DE TRABAJADORES A LA VANGUARDIA,COMISION MIXTA,ADMINISTRACION DE PROGRAMA DE COMPETITIVIDAD CON NUMERO DE FOLIO  CALOR/PEPCE/ATVANGUARDIA/123/2021,PUE,19920.13,0.0,19920.13,19920.13,Vigente,PE45-ENE23
70,2023-01-01,COSTCO DE MEXICO,NO DEDUCIBLE,CECINA RES EXTRAFINA PRECIO POR KILO REAL DE PLATA,PUE,1651.34,16.41,1667.75,1667.75,Vigente,PE45-ENE23
71,2023-01-01,Electrica Jibe Sa De Cv,COMPRAS,KIT 3 FOCOS A19 8.5W 6500K,PUE,56.03,8.96,64.99000000000001,64.99,Vigente,PE45-ENE23
72,2023-01-01,BENJAMÍN MAYA MONDRAGÓN,COMPRAS,"NIPLES DE A-INOX DE 1/2 X 1/2 NPT, BARRENO DE 1/4",PPD,5600.0,896.0,6496.0,6496.0,Vigente,PD02-ENE23
73,2023-01-01,OPERADORA DE SERVICIOS PAQUETEXPRESS,PAQUETERIA,SERVICIOS DE PAQUETERIA Y MENSAJERIA,PPD,454.61,72.74,527.35,527.35,Vigente,PE119-ENE23
74,2023-01-01,"PRODUCTOS POLIMEX, S.A. DE C.V.",COMPRAS,Pago,Pago,0.0,0.0,0.0,0.0,Vigente,PD02-ENE23
75,2023-01-01,"PRODUCTOS POLIMEX, S.A. DE C.V.",COMPRAS,Pago,Pago,0.0,0.0,0.0,0.0,Vigente,PD02-ENE23
76,2023-01-01,"PRODUCTOS POLIMEX, S.A. DE C.V.",COMPRAS,Pago,Pago,0.0,0.0,0.0,0.0,Vigente,PD02-ENE23
77,2023-01-01,SERVICIOS CORPORATIVOS ESPECIALIZADOS DE PRODUCTIVIDAD Y COMPETITIVIDAD EMPRESARIAL,HONORARIOS PM,SERVICIOS LEGALES SOBRE DERECHO LABORAL,PUE,1992.01,318.73,2310.74,2310.74,Vigente,PE46-ENE23
78,2023-01-01,"Travers Tool, S. de R.L. de C.V.",COMPRAS,GUANTES PARA SANDBLASTEADORA TR4222,PPD,537.1500000000001,85.94,623.0900000000001,623.09,Vigente,PD02-ENE23/PE80-FEB23
79,2023-01-01,AESA ARTICULOS ELECTRICOS,COMPRAS,ALAMBRE NICROMEL 80/20 (23),PPD,6200.0,992.0,7192.0,7192.0,Vigente,PD02-ENE23/PE70-FEB23
80,2023-01-01,AUTOCOM NOVA SAPI DE CV,MTTO TRANSPORTE,"SERVICIO 50,000KM MARCH",PUE,5732.76,917.24,6650.0,6650.0,Vigente,PE47-ENE23
81,2023-01-01,COMERCIALIZADORA ELECTRICA INDUSTRIAL VAZQUEZ,COMPRAS,ALAMBRE NICROMEL KANTHAL 80/20 CALIBRE 20,PPD,14594.34,2335.1,16929.44,16929.44,Vigente,PD02-ENE23
82,2023-01-01,3D MARKET S DE RL DE CV,COMPRAS,Resin Plus Pro 1 kg Gray,PUE,770.0,123.2,893.2,893.2,Vigente,PE51-ENE23
83,2023-01-01,Electrica Jibe Sa De Cv,COMPRAS,CLAVIJA 2P 3H 20A 250V IP20,PUE,193.01,30.88,223.89,223.89,Vigente,PE74-ENE23
84,2023-01-01,FM INGENIEROS 3.3,COMPRAS,"COLCHA DE LANA MINERAL DE 2"" DE ESP 61 X 2.44 MTS 6 LBS",PUE,610.0,97.6,707.6,707.6,Vigente,PE37-ENE23
85,2023-01-01,Grupo Jinim SA de CV,VARIOS,AVERA Freidora Electrica Electrica,PUE,1240.6,198.5,1439.1,1439.1,Vigente,PD12-ENE23
86,2023-01-01,MARISOL MENDOZA CHAVEZ,COMPRAS,GAS OXIGENO INDUSTRIAL 9.5  M3 .,PPD,560.35,89.66,650.01,650.01,Vigente,PE116-ENE23
87,2023-01-01,FRANCISCO DE GUADALUPE NOGUERAS RUBIO,GERENCIA ADMON,Servicio dirección empresarial,PUE,30000.0,4800.0,28600.0,28600.0,Vigente,PE62-ENE23
88,2023-01-01,LA PALOMA COMPAÑÍA DE METALES S.A. DE CV,COMPRAS,INOX.LAMINA 304 2B C-26 914X3048 MM,PUE,1058.32,169.33,1227.6499999999999,1227.65,Vigente,PE58-ENE23
89,2023-01-01,"PRODUCTOS POLIMEX, S.A. DE C.V.",COMPRAS,CERAMICA PARA ALTA TEMPERATURA,PPD,9100.0,1456.0,10556.0,10556.0,Vigente,PD02-ENE23/PE78-FEB23
90,2023-01-01,ALEJANDRO ANTONIO SORIA MOLINA,COMPRAS ,COACHING CORPORATIVO ENERO 2023,PPD,10000.0,1600.0,10408.32,10408.32,Vigente,PE101-ENE23
91,2023-01-01,BEBIDAS PURIFICADAS,ALIMENTOS,Epura 20 Lts Policarbonato,PUE,220.0,0.0,220.0,220.0,Vigente,PE74-ENE23
92,2023-01-01,PODER EJECUTIVO DEL ESTADO DE QUERETARO,DERECHOS,DERECHOS POR CONTROL VEHICULAR,PUE,948.0,0.0,948.0,948.0,Vigente,PE49-ENE23
93,2023-01-01,CARLOS LASTRA FALLAS,CAPACITACION,INTEGRACION DE EQUIPO DE TRABAJO,PUE,3750.0,600.0,4350.0,4350.0,Vigente,PE66-ENE23
94,2023-01-01,MARISOL MENDOZA CHAVEZ,COMPRAS,Pago,Pago,0.0,0.0,0.0,0.0,Vigente,PE66-ENE23
95,2023-01-01,OPERADORA DE SERVICIOS PAQUETEXPRESS SA DE CV,PAQUETERIA,Pago,Pago,0.0,0.0,0.0,0.0,Vigente,PE66-ENE23
96,2023-01-01,AT&T COMERCIALIZACION MOVIL,TELEFONO,Pago,Pago,0.0,0.0,0.0,0.0,Vigente,PE66-ENE23
97,2023-01-01,COMERCIALIZADORA ELECTRICA INDUSTRIAL VAZQUEZ,COMPRAS,Pago,Pago,0.0,0.0,0.0,0.0,Vigente,PD02-ENE23
98,2023-01-01,DELIVERYMAIL,PAQUETERIA,Pago,Pago,0.0,0.0,0.0,0.0,Vigente,PD02-ENE23
99,2023-01-01,DHL EXPRESS MEXICO,MENSAJERIA,EXPRESS DOMESTIC,PUE,347.82,55.65,403.46999999999997,403.47,Vigente,PE74-ENE23
100,2023-01-01,EXI BAJIO,RENTA COPIADORA,Servicio de Arrendamiento,PPD,2000.0,320.0,2320.0,2320.0,Vigente,PE132-ENE23
101,2023-01-01,ELECTROTERMICA NACIONAL SA DE CV,COMPRAS,Pago,Pago,0.0,0.0,0.0,0.0,Vigente,PD02-ENE23
102,2023-01-01,"""J&M INTERCOPY""",MTTO COMPUTO,POLIZA DE MANTENIMIENTO,PPD,6324.0,1011.84,7335.84,7335.84,Vigente,PE128-ENE23
103,2023-01-01,Jesús Aarón Nuño Córdova,MTTO COMPUTO,TONER GEN HP CE285A,PUE,1241.38,198.62,1440.0,1440.0,Vigente,PE38-ENE23
104,2023-01-01,SERVICIO COMERCIAL GARIS,ALIMENTOS,BIC ENCENDEDOR MAXI CH 25/15PZ SURTIDO,PUE,224.14,35.86,260.0,260.0,Vigente,PE74-ENE23
105,2023-01-01,CARLOS ENRIQUE ZERMEÑO GUTIERREZ,COMPRAS,VARILLA DE SOLDADURA DE PLATA AL 35% EN 1/16 X 18,PPD,7695.0,1231.2,8926.2,8926.2,Vigente,PD02-ENE23
106,2023-01-01,BQ ELECTRONICA,COMPRAS,-PUNTAS PARA MULTIMETRO MUL-050,PUE,170.69,27.31,198.0,198.0,Vigente,PE74-ENE23
107,2023-01-01,CACELEC,COMPRAS,"PARRILLA 2100 W, 240 V, TELEDYNE, RESISTENCIA TUBULAR",PPD,2800.0,448.0,3248.0,3248.0,Vigente,PD02-ENE23
108,2023-01-01,COMERCIALIZADORA ELECTRICA INDUSTRIAL VAZQUEZ,COMPRAS,CABLE TERMOPAR MALLA INOX TIPO J-FB-FB-SSB-20S ROLLO 100M,PPD,20803.73,3328.59,24132.32,24132.32,Vigente,PD02-ENE23
109,2023-01-01,MINU SERVICIOS,SUSCRIPCIONES,MINU - SERVICIOS DE BIENESTRAR Y ASISTENCIA FINANCIERA (SUSCRIPCION) DEL MES DE ENERO 2023,PPD,944.0,151.04,1095.04,1095.04,Vigente,PD02-ENE23
110,2023-01-01,NOVATEL MEXICANA SA DE CV,COMPRAS,"CINTA 0.005"" C/A STD DE 1/2"" X 33 MT",PPD,3448.0,551.68,3999.68,3999.68,Vigente,PD02-ENE23
111,2023-01-01,"PINTURAS EZEQUIEL MONTES DE QUERETARO, S.A. DE C.V",COMPRAS ,GASOLINA BLANCA,PUE,116.38,18.62,135.0,135.0,Vigente,PE74-ENE23
112,2023-01-01,LA PALOMA COMPAÑÍA DE METALES S.A. DE CV,COMPRAS,INOX.LAMINA 304 2B C-26 914X3048 MM,PUE,198.51,31.76,230.26999999999998,230.27,Vigente,PE74-ENE23
113,2023-01-01,AESA ARTICULOS ELECTRICOS,COMPRAS,CINTA NICROMEL  (3.1X.254mm),PPD,14806.52,2369.04,17175.56,17175.56,Vigente,PD02-ENE23
114,2023-01-01,ASOCIACION DE TRABAJADORES A LA VANGUARDIA,COMISION MIXTA,ADMINISTRACION DE PROGRAMA DE COMPETITIVIDAD CON NUMERO DE FOLIO  CALOR/PEPCE/ATVANGUARDIA/123/2021,PUE,19440.14,0.0,19440.14,19440.14,Vigente,PE70-ENE23
115,2023-01-01,EFECTIVALE S. de R.L. de C.V.,GASOLINA,DISPERSION,PUE,10300.0,48.0,10348.0,10348.0,Vigente,PE64-ENE23
116,2023-01-01,MR MULTISERVICIOS INDUSTRIALES,COMPRAS,"PLACA AC INOX T304 1/4""",PUE,810.0,129.6,939.6,939.6,Vigente,PD02-ENE23/PE81-FEB23
117,2023-01-01,NOVATEL MEXICANA SA DE CV,COMPRAS,"CINTA 0.003"" C/A STD DE 1/2"" X 33 MT",PPD,31894.0,5103.04,36997.04,36997.04,Vigente,PD02-ENE23
118,2023-01-01,SERVICIOS CORPORATIVOS ESPECIALIZADOS DE PRODUCTIVIDAD Y COMPETITIVIDAD EMPRESARIAL,HONORARIOS PM,SERVICIOS LEGALES SOBRE DERECHO LABORAL,PUE,1944.01,311.05,2255.06,2255.06,Vigente,PE71-ENE23
119,2023-01-01,SANJUANA VARGAS ALMANZA,COMPRAS,"MA4NC-Timer 48x48mm 8 pin con dial multirango, multifunción y multivoltaje 24-240vca-vcd 2 contacto  1 de retardo + 1 instantáneo ",PPD,443.74,71.0,514.74,514.74,Vigente,PE71-ENE23
120,2023-01-01,SANJUANA VARGAS ALMANZA,COMPRAS,Pago,Pago,0.0,0.0,0.0,0.0,Vigente,PE71-ENE23
121,2023-01-01,VIDRIOS Y CRISTALES DE QUERETARO,MTTO LOCAL,CRISTAL FLOTADO CLARO 3 MM 40 X 52.5,PUE,86.9,13.9,100.80000000000001,100.8,Vigente,PE129-ENE23
122,2023-01-01,COMERCIALIZADORA ELECTRICA INDUSTRIAL VAZQUEZ,COMPRAS,AISLADOR CHOCOLATE 4 X10,PPD,16649.94,2664.0,19313.94,19313.94,Vigente,PD02-ENE23/PE100-FEB23
123,2023-01-01,JOSE ALEJANDRO GUERRA BRAUN,COMPRAS,THINER,PUE,288.79,46.21,331.39,331.39,Vigente,PE129-ENE23
124,2023-01-01,INGENIERIA EN SISTEMAS AUTOMATIZADOS E INSTRUMENTACION,COMPRAS,"aislador ceramico de 3"" cal. 14. OC. 3478 O.T. 22204",PPD,13600.0,2176.0,15776.0,15776.0,Vigente,PD02-ENE23/PE98-FEB23
125,2023-01-01,NR FINANCE MEXICO,CREDITO ,Interes de Financiamiento,PUE,1690.61,270.5,1961.11,1961.11,Vigente,PE69-ENE23
126,2023-01-01,NOVATEL MEXICANA SA DE CV,COMPRAS,"BANDA 0.030"" DE 40 CM X 3.20 MT",PPD,1600.0,256.0,1856.0,1856.0,Vigente,PD02-ENE23
127,2023-01-01,Laura Fernanda Padilla Longoria,COMPRAS,PELLA 931-5KG,PUE,189.66,30.34,220.0,220.0,Vigente,PE129-ENE23
128,2023-01-01,OPERADORA DE SERVICIOS PAQUETEXPRESS,PAQUETERIA,SEGURO,PPD,2296.37,367.42,2649.3,2649.3,Vigente,PD02-ENE23/PE86-FEB23
129,2023-01-01,PRODUCTOS Y SERVICIOS CAMFIVE,MAQUINARIA,Lente CAMFive Laser para cabezal autofucus de metal 25mm - F63 Ambar,PUE,2556.1,408.98,2965.08,2965.08,Vigente,PE39-ENE23
130,2023-01-01,ANDRES FRANCO SOSA,COMPRAS,ALETA CONTINUA DE ACERO INOX. PARA TUBULAR DE 1/2,PPD,12000.0,1920.0,13920.0,13920.0,Vigente,PD02-ENE23
131,2023-01-01,PODER EJECUTIVO DEL ESTADO DE QUERETARO,DERECHOS,IMPUESTO SOBRE NOMINA SECTOR PRIVADO,PUE,3008.0,0.0,3008.0,3008.0,Vigente,PE85-ENE23
132,2023-01-01,MARISOL MENDOZA CHAVEZ,COMPRAS,Pago,Pago,0.0,0.0,0.0,0.0,Vigente,PE85-ENE23
133,2023-01-01,NOVATEL MEXICANA SA DE CV,COMPRAS,"NOVAFLON 0.010"" STD C/A SILICONADO O",PPD,19620.0,3139.2,22759.2,22759.2,Vigente,PD02-ENE23
134,2023-01-01,MIGUEL ANGEL POZOS PONCE,PAPELERIA,Tarjetas de presentacion Calor y Control ,PUE,280.0,44.8,324.8,324.8,Vigente,PD02-ENE23
135,2023-01-01,PRODYMEL S.A. DE C.V.,COMPRAS,ESPAGUETTI F.V. DE 2 mm,PUE,633.6,101.38,734.98,734.98,Vigente,PE81-ENE23
136,2023-01-01,TORCOSA,COMPRAS ,BRIDA CIEGA AC FORJ 150LBS 3PG,PUE,951.83,152.29,1104.1200000000001,1104.12,Vigente,PE69-ENE23
137,2023-01-01,COMERCIALIZADORA ELECTRICA INDUSTRIAL VAZQUEZ,COMPRAS,CABLE F.V.NIQUEL PURO MICA 500°C 600V CAL 8 ROLLO 100 M---O.C. 03481,PPD,33633.36,5381.34,39014.7,39014.7,Vigente,PD02-ENE23/PE108-FEB23
138,2023-01-01,COSTCO DE MEXICO,NO DEDUCIBLE,QUESO MONTEREY JACK 907 G KIRKLAND SIGNATURE,PUE,2086.97,55.03,2142.0,2142.0,Vigente,PD02-ENE23/PE108-FEB23
139,2023-01-01,DHL EXPRESS MEXICO,MENSAJERIA,EXPRESS DOMESTIC,PPD,247.9,39.66,287.56,287.56,Vigente,PD02-ENE23
140,2023-01-01,JORGE LUIS GARCIA TRUJILLO,COMPRAS,VARILLA ROSCADA GALV DE 3/16  X 1,PPD,329.31,52.69,382.0,382.0,Vigente,PD02-ENE23
141,2023-01-01,INSTITUTO MEXICANO DEL SEGURO SOCIAL,IMSS/INFONAVIT,Cuotas IMSS ,PUE,38078.44,0.0,38078.44,38078.44,Vigente,PD02-ENE23
142,2023-01-01,SERVICIOS PLAZA DEL NORTE S.A DE C.V.,GASOLINA,32025                G-SUPER,PUE,1223.91,190.17,1414.0800000000002,1414.08,Vigente,PD12-ENE23
143,2023-01-01,AESA ARTICULOS ELECTRICOS,COMPRAS,OXIDO DE MAGNESIO (BAJA),PPD,3700.0,592.0,4292.0,4292.0,Vigente,PD02-ENE23
144,2023-01-01,COMPONENTES CARRILLO,COMPRAS ,FOCO E14 255V 5W 16X35,PUE,98.28,15.72,114.0,114.0,Vigente,PE129-ENE23
145,2023-01-01,COMERCIALIZADORA ELECTRICA INDUSTRIAL VAZQUEZ,COMPRAS,Pago,Pago,0.0,0.0,0.0,0.0,Vigente,PD02-ENE23
146,2023-01-01,ELECTROTERMICA NACIONAL,COMPRAS,"CABLE PARA RTD calibre 24, con forro de TEFLON, codigo RTD-FEP/FEP/3X24. (109369-1 MO)",PPD,1820.0,291.2,2111.2,2111.2,Vigente,PD02-ENE23
147,2023-01-01,HOME DEPOT MEXICO,COMPRAS,GAS MAP PRO CILINDRO 14.1 OZ,PUE,469.83,75.17,545.0,545.0,Vigente,PE129-ENE23
148,2023-01-01,NOVATEL MEXICANA SA DE CV,COMPRAS,Pago,Pago,0.0,0.0,0.0,0.0,Vigente,PD02-ENE23
149,2023-01-01,ASPEL DE MEXICO,MTTO COMPUTO,Suscripción ASPEL-SAE Mensual 14 Usr(s),PUE,2887.0,461.92,3348.92,3348.92,Vigente,PE89-ENE23
150,2023-01-01,RUBEN DARIO BARRERA GONZALEZ,COMPRAS,Perla de vidrio 60/80 de acuerdo a la orden de compra OC03483,PUE,1485.0,237.6,1722.6,1722.6,Vigente,PE91-ENE23
151,2023-01-01,CACELEC,COMPRAS,"TIPO CAFETERA TY60 FIJO 55ºC, CAMPINI, TERMOSTATO BIMETALICO",PPD,3800.14,608.02,4408.16,4408.16,Vigente,PD02-ENE23
152,2023-01-01,CACELEC,COMPRAS,"TY95 0/120ºC, CAP 3MT, CAMPINI, TERMOSTATO BULBO Y CAPILAR",PPD,620.0,99.2,719.2,719.2,Vigente,PD02-ENE23
153,2023-01-01,"COMER CHRIS, SA DE CV",MTTO LOCAL,HIG.FAPSA (9-180) C/12 HB03318,PUE,539.23,86.28,625.51,625.51,Vigente,PE129-ENE23
154,2023-01-01,"INFRA, S.A. DE C.V.",COMPRAS,CARGA DE SPARK LASER O2 ASISTENCIA CL,PUE,522.47,83.6,606.07,606.07,Vigente,PE92-ENE23
155,2023-01-01,MARISOL MENDOZA CHAVEZ,COMPRAS,GAS OXIGENO INDUSTRIAL 9.5  M3 .,PPD,560.35,89.66,650.01,650.01,Vigente,PD02-ENE23/PE79-FEB23
156,2023-01-01,OPERADORA DE SERVICIOS PAQUETEXPRESS,PAQUETERIA,Pago,Pago,0.0,0.0,0.0,0.0,Vigente,PD02-ENE23
157,2023-01-01,CARLOS ENRIQUE ZERMEÑO GUTIERREZ,COMPRAS,VARILLA DE SOLDADURA DE PLATA AL 35% EN 1/16 X 18,PPD,7741.17,1238.59,8979.76,8979.76,Vigente,PD02-ENE23
158,2023-01-01,AESA ARTICULOS ELECTRICOS,COMPRAS,HULE DE SILICON (19X9.5mm),PPD,190.0,30.4,220.4,220.4,Vigente,PD02-ENE23
159,2023-01-01,ASOCIACION DE TRABAJADORES A LA VANGUARDIA,COMISION MIXTA,ADMINISTRACION DE PROGRAMA DE COMPETITIVIDAD CON NUMERO DE FOLIO  CALOR/PEPCE/ATVANGUARDIA/123/2021,PUE,21668.65,0.0,21668.65,21668.65,Vigente,PE106-ENE23
160,2023-01-01,JULIO CESAR BARRERA LOPEZ,COMPRAS,SPAGUETTY F.V. 3MM X 1M,PUE,4284.0,685.44,4969.4400000000005,4969.44,Vigente,PE94-ENE23
161,2023-01-01,"BANCO NACIONAL DE MEXICO, S.A.",COMISION BANCARIA,COMIS. ANUAL (ENE 23),PPD,2250.0,360.0,2610.0,2610.0,Vigente,PE47-FEB23
162,2023-01-01,COMERCIALIZADORA ELECTRICA INDUSTRIAL VAZQUEZ,COMPRAS,OXIDO DE MAGNESIO TIPO 5BLST IMERYS,PPD,9950.0,1592.0,11542.0,11542.0,Vigente,PD02-ENE23
163,2023-01-01,CLARITY SYSTEMS,ALIMENTOS,SISTEMA DE PURIFICACIÓN ACCUA PERFECTA 4A,PUE,343.97,55.03,399.0,399.0,Vigente,PE135-ENE23
164,2023-01-01,THE DONADEL INC,VARIOS,Servicio de distribuidores por comisión,PUE,306.5,49.04,355.54,355.54,Vigente,PD12-ENE23
165,2023-01-01,JORGE LUIS GARCIA TRUJILLO,COMPRAS,Tor.Hexag.Inox.18-8 1/4-20 x 2 (50585),PPD,2882.65,461.22,3343.87,3343.87,Vigente,PD02-ENE23
166,2023-01-01,NOVATEL MEXICANA SA DE CV,COMPRAS,"CINTA 0.005"" C/A STD DE 2"" X 33 MT",PPD,6720.0,1075.2,7795.2,7795.2,Vigente,PD02-ENE23
167,2023-01-01,PRODUCTOS POLIMEX,COMPRAS,CERAMICA PARA ALTA TEMPERATURA,PPD,7800.0,1248.0,9048.0,9048.0,Vigente,PD02-ENE23
168,2023-01-01,CELSO CESAR RIOS MEDINA,CAPACITACION,SERVICIO A MAQUINARIA,PUE,4500.0,720.0,5220.0,5220.0,Vigente,PE87-ENE23
169,2023-01-01,SERVICIOS CORPORATIVOS ESPECIALIZADOS DE PRODUCTIVIDAD Y COMPETITIVIDAD EMPRESARIAL,HONORARIOS PM,SERVICIOS LEGALES SOBRE DERECHO LABORAL,PUE,2166.87,346.69,2513.56,2513.56,Vigente,PE107-ENE23
170,2023-01-01,SEGURIDAD INDUSTRIAL AMIGO,UNIFORMES,"Señalamiento, Sanitario de Damas Screen, Azul, A-11, 25 x 35 cm",PUE,626.9,100.31,727.21,727.21,Vigente,PE129-ENE23
171,2023-01-01,SANJUANA VARGAS ALMANZA,COMPRAS,"TC4S-14R - Controlador de temperatura economico, display individual y control PID; ajuste por teclas frontales, 4 digitos (9999); tamaño DIN W48xH48mm (bloque de term,), 1 salida de alarma; alim, 100-240VCA 50/6 INMEDIATO SALVO PREVIA VENTA",PPD,1009.01,161.44,1170.45,1170.45,Vigente,PE129-ENE23
172,2023-01-01,SANJUANA VARGAS ALMANZA,COMPRAS,"601282300040 - 60,12,8,230,0040 Relé Octal (230VAC) 10 A                         8 PINES",PPD,185.45,29.67,215.12,215.12,Vigente,PE129-ENE23
173,2023-01-01,BRAULIO DE LA VEGA QUINZAÑOS,MTTO LOCAL,filtro Koblenz 6 & 9 galones,PUE,413.79,66.21,480.0,480.0,Vigente,PE129-ENE23
174,2023-01-01,JUAN ANTONIO VICTORIA DIAZ,COMPRAS,RESINA PREACELERADA 2022,PUE,91.38,14.62,106.0,106.0,Vigente,PE129-ENE23
175,2023-01-01,DH4 COMERCIALIZADORA SA DE CV,SUELDOS DIRECCION,COMISION DEL 4% EN LA INTERMEDIACION MERCANTIL POR LA COLOCACION DE DIVERSAS RESISTENCIAS ELECTRICAS A VARIOS CLIENTES DURANTE EL PERIODO DE DICIEMBRE DE 2022 PRIMERA FASE,PUE,46024.63,7363.94,53388.57,53388.57,Vigente,PE50-ENE23
176,2023-01-01,MR MULTISERVICIOS INDUSTRIALES,COMPRAS,"BARRA RED AC INOX T 304 3/8""",PPD,575.0,92.0,667.0,667.0,Vigente,PD02-ENE23
177,2023-01-01,OPERADORA DE SERVICIOS PAQUETEXPRESS,PAQUETERIA,Pago,Pago,0.0,0.0,0.0,0.0,Vigente,PD02-ENE23
178,2023-01-01,OPERADORA DE SERVICIOS PAQUETEXPRESS,PAQUETERIA,SERVICIOS DE PAQUETERIA Y MENSAJERIA,PPD,1506.88,241.1,1747.98,1747.98,Vigente,PD02-ENE23/PE86-FEB23
179,2023-01-01,LA PALOMA COMPAÑÍA DE METALES S.A. DE CV,COMPRAS,INOX. SOLERA 304 6.4 X 25.4 MM,PUE,4669.56,747.13,5416.6900000000005,5416.69,Vigente,PD02-ENE23/PE105-ENE23
180,2023-01-01,LA PALOMA COMPAÑÍA DE METALES S.A. DE CV,COMPRAS,CORTE DE MATERIAL,PUE,1278.7,204.59,1483.29,1483.29,Vigente,PD02-ENE23/PE111-ENE23
181,2023-01-01,ASISTENCIAS Y ASESORIAS RCC SA DE CV,HONORARIOS PM,SERVICIOS DE ASESORIA A LA GERENCIA GENERAL EN LA RECUPERACION DE COBRANZA DE LA EMPRESA CALOR Y CONTROL SA DE CV SERVICIOS PRESTADOS EN EL DOMICILIO DEL CLIENTE POR EL MES DE DICIEMBRE DE 2022,PUE,23593.47,3774.96,27368.43,27368.43,Vigente,PE126-ENE23
182,2023-01-01,Autotransportes de Carga Tresguerras S.A de C.V.,PAQUETERIA,Flete (IZT03474337),PPD,166.48,26.63,188.39,188.39,Vigente,PE20-FEB23
183,2023-01-01,COMERCIALIZADORA ELECTRICA INDUSTRIAL VAZQUEZ,COMPRAS,Pago,Pago,0.0,0.0,0.0,0.0,Vigente,PD02-ENE23
184,2023-01-01,DXUN,CAPACITACION,GESTIÓN Y EJECUCIÓN DE PROCESOS DE APRENDIZAJE EN MATERIA DE ESTRATEGIAS Y DISEÑO DE PROCESOS.,PPD,5850.0,936.0,6786.0,6786.0,Vigente,PE143-ENE23
185,2023-01-01,JACOB FUENTES INIESTRA,VARIOS,BASCULA PARA COCINA 5K/1G,PUE,301.0,48.16,349.15999999999997,349.16,Vigente,PE129-ENE23
186,2023-01-01,PODER EJECUTIVO DEL ESTADO DE QUERETARO,DERECHOS,DERECHOS POR CONTROL VEHICULAR,PUE,6419.38,0.0,6419.38,6419.38,Vigente,PE118-ENE23
187,2023-01-01,INGENIERIA EN SISTEMAS AUTOMATIZADOS E INSTRUMENTACION,COMPRAS,Cable para PT100 3h forro PVC cal. 20. OC. 3503 O.T. 23099,PPD,5500.0,880.0,6380.0,6380.0,Vigente,PD02-ENE23
188,2023-01-01,LABORATORIOS INDUSTRIALES DEL BAJIO S DE RL DE CV,MTTO MAQUINARIA,CALIBRACION DE VERNIER,PPD,330.0,52.8,382.8,382.8,Vigente,PE129-ENE23
189,2023-01-01,MARISOL MENDOZA CHAVEZ,COMPRAS,Pago,Pago,0.0,0.0,0.0,0.0,Vigente,PE129-ENE23
190,2023-01-01,MARISOL MENDOZA CHAVEZ,COMPRAS,Pago,Pago,0.0,0.0,0.0,0.0,Vigente,PE129-ENE23
191,2023-01-01,TELEFONOS DE MEXICO S.A.B. DE C.V.,TELEFONO,Pago,Pago,0.0,0.0,0.0,0.0,Vigente,PE129-ENE23
192,2023-01-01,COSTCO DE MEXICO,NO DEDUCIBLE,"FILETE DE TILAPIA, SIN PIEL SIN ESPINAS 2 KG KIRKLAND SIGNATURE",PUE,4362.219999999999,216.96,4579.179999999999,4579.18,Vigente,PE129-ENE23
193,2023-01-01,AT&T COMERCIALIZACION MOVIL,TELEFONO,Internet adicional 1.5 GB 154.31_INARREAR,PPD,2173.72,347.86,2521.58,2521.58,Vigente,PE36-ENE23
194,2023-01-01,AESA ARTICULOS ELECTRICOS,COMPRAS,Pago,Pago,0.0,0.0,0.0,0.0,Vigente,PE36-ENE23
195,2023-01-01,"AR PIROMETRIA E INGENIERIA, S.A. DE C.V.",COMPRAS,"ALAMBRE DESNUDO PARA TERMOPAR TIPO J POSITIVO,  CAL. 14 AWG",PPD,1600.0,256.0,1856.0,1856.0,Vigente,PD02-ENE23
196,2023-01-01,"""J&M INTERCOPY""",MTTO COMPUTO,MICROSOFT 365 APPS FOR BUSINESSVLIC,PPD,2223.0,355.68,2578.68,2578.68,Vigente,PE10-FEB23
197,2023-01-01,VIRIDIANA NATALY JUAREZ SALGADO,COMPRAS ,BOQUILLA DE ALUMINA #7 7/16 10N47 PARA PORTAMORDAZA,PUE,126.34,20.21,146.55,146.55,Vigente,PE129-ENE23
198,2023-01-01,BENJAMÍN MAYA MONDRAGÓN,COMPRAS,ANILLOS DE 3/16 DIAMETRO INT. X 2 MM EN A-INOX T- 304,PPD,8400.0,1344.0,9744.0,9744.0,Vigente,PD02-ENE23
199,2023-01-01,MINU SERVICIOS,SUSCRIPCIONES,REDUCCION DE 16 COLABORADORES A COBRAR EN EL MES DE DE ENERO 2022 SEGÚN TERMINOS Y CONDICIONES FIRMADO ENTRE LAS PARTES,PPD,-944.0,-151.04,-1095.04,-1095.04,Vigente,PD02-ENE23
200,2023-01-01,MINU SERVICIOS,SUSCRIPCIONES,REDUCCION DE 16 COLABORADORES A COBRAR EN EL MES DE DE DICIEMBRE 2022 SEGÚN TERMINOS Y CONDICIONES FIRMADO ENTRE LAS PARTES,PPD,-944.0,-151.04,-1095.04,-1095.04,Vigente,PD02-ENE23
201,2023-01-01,OPERADORA DE SERVICIOS PAQUETEXPRESS,PAQUETERIA,Pago,Pago,0.0,0.0,0.0,0.0,Vigente,PD02-ENE23
202,2023-01-01,PRODUCTOS REFRACTARIOS PARA LA INDUSTRIA,COMPRAS,"TABLA ""M"" DE FIBRA CERAM 2"" KAOWOOL",PPD,2003.0,320.48,2323.48,2323.48,Vigente,PD02-ENE23
203,2023-01-01,PREVISION DEL TRABAJO,VALES DESPENSA,Previvale Despensa Chip / Contraprestación,PUE,120.0,19.2,139.2,139.2,Vigente,PD02-ENE23
204,2023-01-01,SANJUANA VARGAS ALMANZA,COMPRAS,SRH3-1230 - SRH3-1230 ,PPD,3344.0,535.04,3879.04,3879.04,Vigente,PD02-ENE23
205,2023-01-01,CACELEC,COMPRAS,Pago,Pago,0.0,0.0,0.0,0.0,Vigente,PD02-ENE23
206,2023-01-01,"DXUN, S.A. de C.V.",CAPACITACION,Pago,Pago,0.0,0.0,0.0,0.0,Vigente,PD02-ENE23
207,2023-01-01,FRANCISCO DE GUADALUPE NOGUERAS RUBIO,GERENCIA ADMON,Servicio dirección empresarial,PUE,30000.0,4800.0,28600.0,28600.0,Vigente,PE130-ENE23
208,2023-01-01,Laura Fernanda Padilla Longoria,COMPRAS,931 PELLA - 5KG,PUE,189.66,30.34,220.0,220.0,Vigente,PE20-FEB23
209,2023-01-01,PREVISION DEL TRABAJO,VALES DESPENSA,Previvale Despensa Chip / Contraprestación,PUE,10.0,1.6,11.6,11.6,Vigente,PE20-FEB23
210,2023-01-01,TORNILLEROS UNIDOS DEL BAJIO SA DE CV,COMPRAS ,PLASTICO PARA EMPLAYAR 5 X 127 MTS,PUE,241.5,38.64,280.14,280.14,Vigente,PE20-FEB23
211,2023-01-01,"BANCO INVEX, S.A., INSTITUCION DE BANCA MULTIPLE, INVEX, GRUPO FINANCIERO",COMISION BANCARIA,COMISIONES E INTERESES,PUE,0.0,0.0,0.0,0.0,Vigente,PE20-FEB23
212,2023-01-01,BANCO MERCANTIL DEL NORTE SA INSTITUCION DE BANCA MULTIPLE GRUPO FINANCIERO BANORTE,COMISION BANCARIA,SERVICIOS BANCARIOS,PUE,18817.57,742.09,19559.66,19559.66,Vigente,PE20-FEB23
213,2023-01-01,DHL EXPRESS MEXICO,MENSAJERIA,EXPRESS DOMESTIC,PPD,288.61,46.18,334.79,334.79,Vigente,PE20-FEB23
214,2023-01-01,EFECTIVALE S. de R.L. de C.V.,GASOLINA,CONSUMOS DE COMBUSTIBLE DE MONEDEROS ELECTRONICOS,PUE,12165.54,0.0,12165.54,12165.54,Vigente,PE20-FEB23
215,2023-01-01,AESA ARTICULOS ELECTRICOS,COMPRAS,MANGUERA DE SILICON (9.5mm),PUE,700.0,112.0,812.0,812.0,Vigente,PE68-ENE23
216,2023-02-01,AESA ARTICULOS ELECTRICOS,COMPRAS,Pago,Pago,0.0,0.0,0.0,0.0,Vigente,PE68-ENE23
217,2023-02-01,ASOCIACION DE TRABAJADORES A LA VANGUARDIA,COMISION MIXTA,ADMINISTRACION DE PROGRAMA DE COMPETITIVIDAD CON NUMERO DE FOLIO  CALOR/PEPCE/ATVANGUARDIA/123/2021,PUE,20628.92,0.0,20628.92,20628.92,Vigente,PE68-ENE23
218,2023-02-01,BEPENSA LEASING S.A. DE C.V.,ARRENDAMIENTO FINANCIERO,AA RENTA EXIGIBLE CL0000006876 31/36 de 03/01/2023 a 02/02/2023,PPD,5551.38,888.22,6439.6,6439.6,Vigente,PE12-FEB23
219,2023-02-01,BEPENSA LEASING S.A. DE C.V.,ARRENDAMIENTO FINANCIERO,AA RENTA EXIGIBLE CL0000006877 31/36 de 03/01/2023 a 02/02/2023,PPD,5551.98,888.32,6440.299999999999,6440.3,Vigente,PE13-FEB23
220,2023-02-01,BEPENSA LEASING S.A. DE C.V.,ARRENDAMIENTO FINANCIERO,AA RENTA EXIGIBLE CL0000009486 6/48 de 03/01/2023 a 02/02/2023,PPD,8454.37,1352.7,9807.070000000002,9807.07,Vigente,PE14-FEB23
221,2023-02-01,"BANCO NACIONAL DE MEXICO, S.A.",COMISION BANCARIA,COMISION COBRADA,PUE,505.0,80.8,585.8,585.8,Vigente,PE14-FEB23
222,2023-02-01,"BANCO NACIONAL DE MEXICO, S.A.",COMISION BANCARIA,Servicios de Facturación,PUE,0.0,0.0,0.0,0.0,Vigente,PE14-FEB23
223,2023-02-01,COMERCIALIZADORA ELECTRICA INDUSTRIAL VAZQUEZ,COMPRAS,Pago,Pago,0.0,0.0,0.0,0.0,Vigente,PE14-FEB23
224,2023-02-01,DELIVERYMAIL,PAQUETERIA,Servicio de Mensajeria Nacional  ECONOMY,PPD,744.56,119.13,863.6899999999999,863.69,Vigente,PE14-FEB23
225,2023-02-01,"HERRAJES Y CERRADURAS DE QUERETARO, S.A. DE C.V.",MTTO OFICINA ,SOPORTE P/MUEBLE LAT.O NIQ DE 30 CM PAR,PUE,82.5,13.2,95.7,95.7,Vigente,PE20-FEB23
226,2023-02-01,ALFREDO MORENO CHAVEZ,COMPRAS ,"LIMA TRIANGULO 8""",PUE,1079.31,172.69,1252.0,1252.0,Vigente,PE20-FEB23
227,2023-02-01,ALFREDO MORENO CHAVEZ,COMPRAS ,"DISCO DIAMANTE 4 1/2"" SEGMENTADO",PUE,270.69,43.31,314.0,314.0,Vigente,PE20-FEB23
228,2023-02-01,"PINTURAS ACUEDUCTO, S.A. DE C.V",COMPRAS ,AEROCOMEX ALTA TEMPERATURA ALUMINIO,PUE,417.66,66.83,484.49,484.49,Vigente,PE20-FEB23
229,2023-02-01,PLAST TEL SA DE CV,MTT OFICINA,Bolsa natural de polietileno 20 X 30 por kg,PUE,135.34,21.66,157.0,157.0,Vigente,PE20-FEB23
230,2023-02-01,"Radiomóvil Dipsa, S.A. de C.V.",TELEFONO,Pago,Pago,0.0,0.0,0.0,0.0,Vigente,PE20-FEB23
231,2023-02-01,SERVICIOS CORPORATIVOS ESPECIALIZADOS DE PRODUCTIVIDAD Y COMPETITIVIDAD EMPRESARIAL,HONORARIOS PM,SERVICIOS LEGALES SOBRE DERECHO LABORAL,PUE,2062.89,330.06,2392.95,2392.95,Vigente,PE03-FEB23
232,2023-02-01,SANJUANA VARGAS ALMANZA,COMPRAS,"TC4S-14R-Controlador de temperatura economico, display individual y control PID; ajuste por teclas frontales, 4 digitos (9999); tamaño DIN W48xH48mm (bloque de term,), 1 salida de alarma; alim, 100-240VCA 50/6 ",PPD,1682.83,269.25,1952.08,1952.08,Vigente,PE03-FEB23
233,2023-02-01,Autotransportes de Carga Tresguerras S.A de C.V.,PAQUETERIA,Pago,Pago,0.0,0.0,0.0,0.0,Vigente,PE03-FEB23
234,2023-02-01,COMERCIALIZADORA ELECTRICA INDUSTRIAL VAZQUEZ,COMPRAS,RESIST CEIV DE RADIACION 245MM X 60MM 1000W 220V,PPD,40937.52,6550.0,47487.52,47487.52,Vigente,PD02-FEB23
235,2023-02-01,COSTCO DE MEXICO,ALIMENTOS,CAFÉ MOLIDO CHIAPAS 1 KG KIRKLAND SIGNATURE,PUE,478.0,0.0,478.0,478.0,Vigente,PE20-FEB23
236,2023-02-01,ILUMICENTER,No se registro,TUBO DE LED T5 QOP 60CM,PUE,323.28,51.72,375.0,375.0,Vigente,PE20-FEB23
237,2023-02-01,"""J&M INTERCOPY""",MTTO COMPUTO,Pago,Pago,0.0,0.0,0.0,0.0,Vigente,PE20-FEB23
238,2023-02-01,"""J&M INTERCOPY""",MTTO COMPUTO,Pago,Pago,0.0,0.0,0.0,0.0,Vigente,PE20-FEB23
239,2023-02-01,ALFREDO MORENO CHAVEZ,COMPRAS,DISCO DE CORTE AUSTROMEX CLAVE 737,PUE,321.55,51.45,373.0,373.0,Vigente,PE20-FEB23
240,2023-02-01,NOVATEL MEXICANA SA DE CV,COMPRAS,"CINTA 0.003"" C/A STD DE 3""  X 33 MT",PPD,17398.65,2783.78,20182.43,20182.43,Vigente,PD02-FEB23
241,2023-02-01,NOVATEL MEXICANA SA DE CV,COMPRAS,Pago,Pago,0.0,0.0,0.0,0.0,Vigente,PD02-FEB23
242,2023-02-01,NOVATEL MEXICANA SA DE CV,COMPRAS,Pago,Pago,0.0,0.0,0.0,0.0,Vigente,PD02-FEB23
243,2023-02-01,OPERADORA DE SERVICIOS PAQUETEXPRESS,PAQUETERIA,SEGURO,PPD,2772.69,443.63,3216.32,3216.32,Vigente,PE86-FEB23
244,2023-02-01,MARTIN SANDOVAL HERNANDEZ,COMPRAS,Pago,Pago,0.0,0.0,0.0,0.0,Vigente,PE86-FEB23
245,2023-02-01,"SEGUROS BANORTE SA DE CV, GRUPO FINANCIERO BANORTE",SEGUROS,PRIMA. RECIBO:57888076,PUE,1717.25,0.0,1717.25,1717.25,Vigente,PE114-FEB23
246,2023-02-01,TETRAFLON CORP,VARIOS,VITRIFLON ESTANDAR 0.005 C/A SILICON DE 100CM,PUE,5226.53,836.24,6062.7699999999995,6062.77,Vigente,PE01-FEB23
247,2023-02-01,TORNILLEROS UNIDOS DEL BAJIO,COMPRAS ,CUBRE BOCAS KN95 C/FILTRO,PUE,234.62,37.54,272.16,272.16,Vigente,PE20-FEB23
248,2023-02-01,AESA ARTICULOS ELECTRICOS,COMPRAS,TUBO PARA CARTUCHO 1/4 (9615 BGD),PPD,9021.0,1443.36,10464.36,10464.36,Vigente,PD02-FEB23
249,2023-02-01,AR PIROMETRIA E INGENIERIA S.A. DE C.V.,COMPRAS,"BLOCK CERAMICO, X 5 CM Ø CON 3
TERMINALES
",PPD,3000.0,480.0,3480.0,3480.0,Vigente,PD02-FEB23
250,2023-02-01,EDGAR AGUILAR DIAZ,COMPRAS,Pago,Pago,0.0,0.0,0.0,0.0,Vigente,PD02-FEB23
251,2023-02-01,BEPENSA LEASING S.A. DE C.V.,ARRENDAMIENTO FINANCIERO,Pago,Pago,0.0,0.0,0.0,0.0,Vigente,PD02-FEB23
252,2023-02-01,BEPENSA LEASING S.A. DE C.V.,ARRENDAMIENTO FINANCIERO,Pago,Pago,0.0,0.0,0.0,0.0,Vigente,PD02-FEB23
253,2023-02-01,BEPENSA LEASING S.A. DE C.V.,ARRENDAMIENTO FINANCIERO,Pago,Pago,0.0,0.0,0.0,0.0,Vigente,PD02-FEB23
254,2023-02-01,COMERCIALIZADORA ELECTRICA INDUSTRIAL VAZQUEZ,COMPRAS,"TAPON LATON MACIZO 2 1/2"" NPT #12",PPD,10164.6,1626.33,11790.93,11790.93,Vigente,PD02-FEB23
255,2023-02-01,COMERCIALIZADORA DE INOXIDABLE,COMPRAS,"TAPON CLAMP T-316L, 2"".",PUE,164.24,26.28,190.52,190.52,Vigente,PE02-FEB23
256,2023-02-01,JOSE ISMAEL MANCILLA COLUNGA,HONORARIOS CONTABLES,S CONTABLE MES ENERO 2023,PUE,4396.55,703.45,5100.0,5100.0,Vigente,PE52-FEB23
257,2023-02-01,TELEFONOS DE MEXICO S.A.B. DE C.V.,TELEFONO,SUSCRIPCION NETFLIX,PPD,2505.5499999999997,382.48,2888.0299999999997,2888.03,Vigente,PE74-FEB23
258,2023-02-01,"INTERCAM BANCO S.A., INSTITUCION DE BANCA MULTIPLE, INTERCAM GRUPO FINANCIERO",COMISION BANCARIA,COMISIÓN POR TIMBRADO FISCAL,PUE,0.0,0.0,0.0,0.0,Vigente,PE74-FEB23
259,2023-02-01,"INTERCAM BANCO S.A., INSTITUCION DE BANCA MULTIPLE, INTERCAM GRUPO FINANCIERO",COMISION BANCARIA,COMISION POR TIMBRADO FISCAL,PUE,0.0,0.0,0.0,0.0,Vigente,PE74-FEB23
260,2023-02-01,INTERCAM FONDOS SA DE CV SOCIEDAD OPERADORA DE FONDOS DE INVERSION INTERCAM GRUPO FINANCIERO,COMISION BANCARIA,Comisiones y Otros Cargos,PUE,0.0,0.0,0.0,0.0,Vigente,PE74-FEB23
261,2023-02-01,"SEGUROS BANORTE SA DE CV, GRUPO FINANCIERO BANORTE",SEGUROS,PRIMA. RECIBO:72211569,PUE,1762.25,0.0,1762.25,1762.25,Vigente,PE74-FEB23
262,2023-02-01,JOSE JUAN SANTIAGO ALCANTARA,COMPRAS ,TERMOSTATO KSD302 200C 16A NORMALMENTE CERRADO,PUE,187.93,30.07,218.0,218.0,Vigente,PE64-FEB23
263,2023-02-01,ASPEL DE MEXICO,MTTO COMPUTO,Suscripción Aspel-NOI / Pago Mensual 1 Usr,PUE,428.0,68.48,496.48,496.48,Vigente,PE15-FEB23
264,2023-02-01,ADT PRIVATE SECURITY SERVICES DE MEXICO,MONITOREO CAMARAS ADT,Monitoreo Dual Com Ret,PUE,1452.0,232.32,1684.32,1684.32,Vigente,PE11-FEB23
265,2023-02-01,JULIO CESAR BARRERA LOPEZ,COMPRAS,SPAGUETTY F.V. 12MM X 1M,PUE,2914.0,466.24,3380.24,3380.24,Vigente,PE22-FEB23
266,2023-02-01,EXI BAJIO,RENTA COPIADORA,Pago,Pago,0.0,0.0,0.0,0.0,Vigente,PE22-FEB23
267,2023-02-01,GRUPO INSUL THERM,COMPRAS,RF 3075 DE 1.5 PULG X 48 X 100 PIES CON BARRERA DE VAPOR DE ALUMINIO REFORZADO,PUE,1827.6,292.42,2120.02,2120.02,Vigente,PE23-FEB23
268,2023-02-01,NOVATEL MEXICANA SA DE CV,COMPRAS,"NOVAFLON 0.010"" STD C/A SILICONADO O",PPD,19620.0,3139.2,22759.2,22759.2,Vigente,PD02-FEB23
269,2023-02-01,ASPEL DE MEXICO,MTTO COMPUTO,Suscripción Aspel-BANCO / Pago Mensual 1 Usr,PUE,335.0,53.6,388.6,388.6,Vigente,PE21-FEB23
270,2023-02-01,CLARITY SYSTEMS,ALIMENTOS,SISTEMA DE PURIFICACIÓN ACCUA FLEX 4A ,PUE,343.97,55.03,399.0,399.0,Vigente,PE113-FEB23
271,2023-02-01,ELECTROTERMICA NACIONAL,COMPRAS,"Lamparas de radiacion Elstein de 400 watts a 230 volts, de 245mm x 60mm, tipo FSR. (109500-1 EN)",PPD,2994.0,479.04,3473.04,3473.04,Vigente,PD02-FEB23
272,2023-02-01,FERREHERRAMIENTAS,COMPRAS,BURIL RECTANGULAR COBALTO 1/4,PUE,397.2,63.55,460.75,460.75,Vigente,PE64-FEB23
273,2023-02-01,JOSE ALEJANDRO GUERRA BRAUN,COMPRAS,ARTICULOS FERRETEROS,PUE,241.0,38.56,276.55,276.55,Vigente,PE64-FEB23
274,2023-02-01,INGE MARIA DEL CARMEN DE ROSENZWEIG FERNANDEZ,CAPACITACION,Pago,Pago,0.0,0.0,0.0,0.0,Vigente,PE64-FEB23
275,2023-02-01,AESA ARTICULOS ELECTRICOS,COMPRAS,CINTA NICROMEL  (3.1X.102),PPD,5884.0,941.44,6825.4400000000005,6825.44,Vigente,PD02-FEB23
276,2023-02-01,ASPEL DE MEXICO,MTTO COMPUTO,Suscripción Aspel-COI / Pago Mensual 1 Usr,PUE,377.0,60.32,437.32,437.32,Vigente,PE30-FEB23
277,2023-02-01,AUTOZONE DE MEXICO S DE RL DE CV,COMPRAS,15380  Banda Automotriz,PUE,83.62,13.38,97.0,97.0,Vigente,PE64-FEB23
278,2023-02-01,"ASOCIACION DE MIPYMES INDUSTRIALES DE QUERETARO, A.C.",CAPACITACION,Cuota Asamblea Socios Febrero 2023,PPD,350.0,0.0,350.0,350.0,Vigente,PE35-FEB23
279,2023-02-01,"ASOCIACION DE MIPYMES INDUSTRIALES DE QUERETARO, A.C.",CAPACITACION,Pago,Pago,0.0,0.0,0.0,0.0,Vigente,PE35-FEB23
280,2023-02-01,ASOCIACION DE TRABAJADORES A LA VANGUARDIA,COMISION MIXTA,ADMINISTRACION DE PROGRAMA DE COMPETITIVIDAD CON NUMERO DE FOLIO  CALOR/PEPCE/ATVANGUARDIA/123/2021,PUE,21873.23,0.0,21873.23,21873.23,Vigente,PE33-FEB23
281,2023-02-01,COMERCIALIZADORA ELECTRICA INDUSTRIAL VAZQUEZ,COMPRAS,"CONECTOR DE LATON  1/2X5/16X1"" LONG # 6 - G----O.C. 03523",PPD,8394.04,1343.05,9737.09,9737.09,Vigente,PD02-FEB23
282,2023-02-01,NOVATEL MEXICANA SA DE CV,COMPRAS,"CINTA 0.005"" C/A STD DE 3"" X 33 MT",PPD,14250.0,2280.0,16530.0,16530.0,Vigente,PD02-FEB23
283,2023-02-01,NOVATEL MEXICANA SA DE CV,COMPRAS,Pago,Pago,0.0,0.0,0.0,0.0,Vigente,PD02-FEB23
284,2023-02-01,OPERADORA DE SERVICIOS PAQUETEXPRESS,PAQUETERIA,SERVICIOS DE PAQUETERIA Y MENSAJERIA,PPD,2111.39,337.82,2449.21,2449.21,Vigente,PD02-FEB23
285,2023-02-01,SERVICIOS CORPORATIVOS ESPECIALIZADOS DE PRODUCTIVIDAD Y COMPETITIVIDAD EMPRESARIAL,HONORARIOS PM,SERVICIOS LEGALES SOBRE DERECHO LABORAL,PUE,2187.32,349.97,2537.29,2537.29,Vigente,PE34-FEB23
286,2023-02-01,SANJUANA VARGAS ALMANZA,COMPRAS,"AX41A-Control de temperatura digital 1/16 Din  48x48mm  entrada  J, K, pt100 , salida SSR + Rele + Rele  alim 100-240vca ",PPD,3072.96,491.67,3564.63,3564.63,Vigente,PE34-FEB23
287,2023-02-01,CARLOS ENRIQUE ZERMEÑO GUTIERREZ,COMPRAS,VARILLA DE SOLDADURA DE PLATA AL 35% EN 1/16 X 18,PPD,7695.0,1231.2,8926.2,8926.2,Vigente,PD02-FEB23
288,2023-02-01,AESA ARTICULOS ELECTRICOS,COMPRAS,HULE DE SILICON (12.7X6.3mm),PPD,360.0,57.6,417.6,417.6,Vigente,PD02-FEB23
289,2023-02-01,BQ ELECTRONICA,COMPRAS,-PUNTAS PARA MULTIMETRO MUL-050,PUE,656.03,104.96,760.99,760.99,Vigente,PE64-FEB23
290,2023-02-01,DH4 COMERCIALIZADORA SA DE CV,SUELDOS DIRECCION,COMISION DEL 4% EN LA INTERMEDIACION MERCANTIL POR LA COLOCACION DE DIVERSAS RESISTENCIAS ELECTRICAS A VARIOS CLIENTES DURANTE EL PERIODO DE ENERO DE 2023 PRIMERA FASE,PUE,46802.99,7488.48,54291.47,54291.47,Vigente,PE45-FEB23
291,2023-02-01,ELECTROTERMICA NACIONAL,COMPRAS,"CABLE PARA TERMOPAR tipo T, calibre 20, con forro de P.V.C., codigo T-PVC-PVC-20S. (109514-1 MO)",PPD,9720.0,1555.2,11275.2,11275.2,Vigente,PD02-FEB23
292,2023-02-01,HOME DEPOT MEXICO,COMPRAS,SAPO/FLAPPER 2 UNIVERSAL CON FLOTA,PUE,79.31,12.69,92.0,92.0,Vigente,PE64-FEB23
293,2023-02-01,LA PALOMA COMPAÑÍA DE METALES S.A. DE CV,COMPRAS,CORTE DE MATERIAL,PUE,1563.89,250.22,1814.1100000000001,1814.11,Vigente,PE64-FEB23
294,2023-02-01,BEBIDAS PURIFICADAS,ALIMENTOS,Epura 20 Lts Policarbonato,PUE,264.0,0.0,264.0,264.0,Vigente,PE64-FEB23
295,2023-02-01,COMER CHRIS,MTTO LOCAL,MR.MUSC.LIMON COCINA 650ML.C/ATOM(314972),PUE,114.74,18.36,133.1,133.1,Vigente,PE64-FEB23
296,2023-02-01,EFECTIVALE S. de R.L. de C.V.,GASOLINA,DISPERSION,PUE,10300.0,48.0,10348.0,10348.0,Vigente,PE42-FEB23
297,2023-02-01,AT&T COMERCIALIZACION MOVIL,TELEFONO,Pago,Pago,0.0,0.0,0.0,0.0,Vigente,PE42-FEB23
298,2023-02-01,JULIO CESAR BARRERA LOPEZ,COMPRAS,SPAGUETTY F.V. CON SILICON 5MM BLANCO,PUE,1809.0,289.44,2098.44,2098.44,Vigente,PE49-FEB23
299,2023-02-01,COMERCIALIZADORA ELECTRICA INDUSTRIAL VAZQUEZ,COMPRAS,Pago,Pago,0.0,0.0,0.0,0.0,Vigente,PD02-FEB23
300,2023-02-01,Laura Fernanda Padilla Longoria,COMPRAS,931 PELLA 5KG - 2 PZ,PUE,379.31,60.69,440.0,440.0,Vigente,PE64-FEB23
301,2023-02-01,PRODUCTOS POLIMEX,COMPRAS,Pago,Pago,0.0,0.0,0.0,0.0,Vigente,PD02-FEB23
302,2023-02-01,TIENDAS FIX,No se registro,"CHS-900AM Chaleco brigadista con cintas reflejantes, color azul marino",PUE,231.9,37.1,269.0,269.0,Vigente,PD02-FEB23
303,2023-02-01,BQ ELECTRONICA,COMPRAS,-BATERIA DE OXIDO DE PLATA 1.5V 130MAH TIPO BOTON,PUE,84.48,13.52,98.0,98.0,Vigente,PE97-FEB23
304,2023-02-01,HOME DEPOT MEXICO,COMPRAS,SAPO/FLAPPER 2 UNIVERSAL CON FLOTA,PUE,140.52,22.48,163.0,163.0,Vigente,PE97-FEB23
305,2023-02-01,PEDRO MENDOZA MARTINEZ,COMPRAS,Rueda Vitrificada Esmeri C.Tung  150X25X25.40 C60K5VC6                            CVE:  232,PUE,458.02,73.28,531.3,531.3,Vigente,PE97-FEB23
306,2023-02-01,JORGE RAMIREZ AGUILAR,COMPRAS,SUMINISTRO E INSTALACION DE 2 FUENTES DE VOLTAJE Y 1 JUEGO DE TRANCEPTORES PARA CAMARAS,PUE,1450.0,232.0,1682.0,1682.0,Vigente,PE105-FEB23
307,2023-02-01,AESA ARTICULOS ELECTRICOS,COMPRAS,ALAMBRE NICROMEL 80/20 (11),PPD,26905.309999999998,4304.85,31210.159999999996,31210.16,Vigente,PD02-FEB23
308,2023-02-01,AUTOZONE DE MEXICO,COMPRAS,AZM 008  Grasa Blanca de,PUE,85.34,13.66,99.0,99.0,Vigente,PE97-FEB23
309,2023-02-01,ASOCIACION DE TRABAJADORES A LA VANGUARDIA,COMISION MIXTA,ADMINISTRACION DE PROGRAMA DE COMPETITIVIDAD CON NUMERO DE FOLIO  CALOR/PEPCE/ATVANGUARDIA/123/2021,PUE,22920.1,0.0,22920.1,22920.1,Vigente,PE61-FEB23
310,2023-02-01,DELIVERYMAIL,PAQUETERIA,Servicio de Mensajeria Nacional  ECONOMY,PPD,741.16,118.59,859.75,859.75,Vigente,PE61-FEB23
311,2023-02-01,EXI BAJIO,RENTA COPIADORA,Servicio de Arrendamiento,PPD,2000.0,320.0,2320.0,2320.0,Vigente,PE61-FEB23
312,2023-02-01,FRANCISCO DE GUADALUPE NOGUERAS RUBIO,GERENCIA ADMON,Servicio dirección empresarial,PUE,30000.0,4800.0,28600.0,28600.0,Vigente,PE55-FEB23
313,2023-02-01,PRODUCTOS POLIMEX,COMPRAS,RESISTENCIA CAC DE ALTA,PPD,5373.5,859.76,6233.26,6233.26,Vigente,PD02-FEB23
314,2023-02-01,SERVICIOS CORPORATIVOS ESPECIALIZADOS DE PRODUCTIVIDAD Y COMPETITIVIDAD EMPRESARIAL,HONORARIOS PM,SERVICIOS LEGALES SOBRE DERECHO LABORAL,PUE,2292.01,366.72,2658.7300000000005,2658.73,Vigente,PE62-FEB23
315,2023-02-01,SANJUANA VARGAS ALMANZA,COMPRAS,"AX71A - Control de temperatura digital  72x72mm  entrada  J, K, pt100 , salida SSR + Rele + Rele  alim 100-240vca ",PPD,2065.8,330.53,2396.33,2396.33,Vigente,PE62-FEB23
316,2023-02-01,CACELEC,COMPRAS,"TIPO CAFETERA TY60 FIJO 55ºC, CAMPINI, TERMOSTATO BIMETALICO",PPD,5490.76,878.52,6369.280000000001,6369.28,Vigente,PD02-FEB23
317,2023-02-01,COMERCIALIZADORA ELECTRICA INDUSTRIAL VAZQUEZ,COMPRAS,OXIDO DE MAGNESIO TIPO 5BLST IMERYS,PPD,12238.0,1958.08,14196.08,14196.08,Vigente,PD02-FEB23
318,2023-02-01,CONTROLADORA MABE,No se registro,MICROONDAS MABE NEG,PUE,1471.0,235.36,1706.3600000000001,1706.36,Vigente,PD02-FEB23
319,2023-02-01,COSTCO DE MEXICO,NO DEDUCIBLE,QUESO MONTEREY JACK 907 G KIRKLAND SIGNATURE,PUE,1268.9,0.0,1268.9,1268.9,Vigente,PD02-FEB23
320,2023-02-01,COSTCO DE MEXICO,NO DEDUCIBLE,PECHUGA DE PAVO PRECIO POR KILO KIRKLAND SIGNATURE,PUE,356.5,0.0,356.5,356.5,Vigente,PD02-FEB23
321,2023-02-01,CAR ONE MONTERREY,RENTA AUTO,MATERIALES VARIOS,PUE,1164.14,186.26,1350.4,1350.4,Vigente,PD02-FEB23
322,2023-02-01,"""J&M INTERCOPY""",MTTO COMPUTO,POLIZA DE MANTENIMIENTO,PPD,6324.0,1011.84,7335.84,7335.84,Vigente,PE75-FEB23
323,2023-02-01,"""J&M INTERCOPY""",MTTO COMPUTO,MICROSOFT 365 APPS FOR BUSINESSVLIC,PPD,2394.0,383.04,2777.04,2777.04,Vigente,PE75-FEB23
324,2023-02-01,MARISOL MENDOZA CHAVEZ,COMPRAS,GAS OXIGENO INDUSTRIAL 9.5  M3 .,PPD,560.35,89.66,650.01,650.01,Vigente,PE79-FEB23
325,2023-02-01,OPERADORA DE SERVICIOS PAQUETEXPRESS,PAQUETERIA,SERVICIOS DE PAQUETERIA Y MENSAJERIA,PPD,1024.31,163.89,1188.1999999999998,1188.2,Vigente,PD02-FEB23
326,2023-02-01,LA PALOMA COMPAÑÍA DE METALES S.A. DE CV,COMPRAS,INOX.LAMINA 304 2B C-24 914X3048 MM,PUE,2778.59,444.57,3223.1600000000003,3223.16,Vigente,PE57-FEB23
327,2023-02-01,ALEJANDRO ANTONIO SORIA MOLINA,COMPRAS ,COACHING CORPORATIVO FEB 2023,PPD,10000.0,1600.0,10408.32,10408.32,Vigente,PE57-FEB23
328,2023-02-01,SANJUANA VARGAS ALMANZA,COMPRAS,HUM18-3X32-MINI INTERRUPTOR DE 3 POLOS 32AMP ,PPD,2706.19,432.96,3139.15,3139.15,Vigente,PE57-FEB23
329,2023-02-01,IRMA VILLALPANDO CASTANEDA,COMPRAS,ESPAGUETI SILICON 2MM,PPD,320.0,51.2,371.2,371.2,Vigente,PE57-FEB23
330,2023-02-01,COMERCIALIZADORA ELECTRICA INDUSTRIAL VAZQUEZ,COMPRAS,Pago,Pago,0.0,0.0,0.0,0.0,Vigente,PD02-FEB23
331,2023-02-01,COSTCO DE MEXICO,NO DEDUCIBLE,POLLO ROSTIZADO 1 PZA 1.36KG MINIMO KIRKLAND SIGNATURE,PUE,475.28000000000003,56.37,531.65,531.65,Vigente,PD02-FEB23
332,2023-02-01,3D MARKET S DE RL DE CV,COMPRAS,Resin Plus Pro 0.5 kg Gray,PUE,1540.0,246.4,1786.4,1786.4,Vigente,PE63-FEB23
333,2023-02-01,JORGE LUIS GARCIA TRUJILLO,COMPRAS,PIJA C/FIJ. COMB GALV 10 X 1/2,PPD,1986.92,317.91,2304.83,2304.83,Vigente,PD02-FEB23
334,2023-02-01,"""J&M INTERCOPY""",MTTO COMPUTO,UNIDAD DE ESTADO SOLIDO SSD QUARONI 240G,PPD,1100.0,176.0,1276.0,1276.0,Vigente,PE75-FEB23
335,2023-02-01,COSTCO DE MEXICO,NO DEDUCIBLE,MEZCLA GOURMET CON OMEGA 3 737 G NATURE'S GARDEN,PUE,2053.4900000000002,76.19,2129.6800000000003,2129.68,Vigente,PE75-FEB23
336,2023-02-01,PODER EJECUTIVO DEL ESTADO DE QUERETARO,DERECHOS,IMPUESTO SOBRE NOMINA SECTOR PRIVADO,PUE,3217.0,0.0,3217.0,3217.0,Vigente,PE73-FEB23
337,2023-02-01,"""J&M INTERCOPY""",MTTO COMPUTO,Pago,Pago,0.0,0.0,0.0,0.0,Vigente,PE73-FEB23
338,2023-02-01,NR FINANCE MEXICO,CREDITO ,Interes de Financiamiento,PUE,1643.63,262.98,1906.6100000000001,1906.61,Vigente,PE54-FEB23
339,2023-02-01,Laura Fernanda Padilla Longoria,COMPRAS,OXIDO DE ALUMINIO CAFÉ - 1KG,PUE,56.03,8.97,65.0,65.0,Vigente,PE97-FEB23
340,2023-02-01,"PLACA Y ACERO DE QUERETARO, S.A DE C.V.",COMPRAS,PLACA ACERO AL CARBON,PUE,650.0,104.0,754.0,754.0,Vigente,PE97-FEB23
341,2023-02-01,SANJUANA VARGAS ALMANZA,COMPRAS,AEMX43/200PM-GABINETE  ACERO INOXIDABLE DE  MONTAJE  400x300x200 ,PPD,3974.23,635.89,4610.12,4610.12,Vigente,PE97-FEB23
342,2023-02-01,COMERCIALIZADORA ELECTRICA INDUSTRIAL VAZQUEZ,COMPRAS,CABLE F.V.COBRE MICA 300°C 600V CAL 16 ROLLO 100 M----o.c. 03543,PPD,4464.39,714.3,5178.6900000000005,5178.69,Vigente,PD02-FEB23
343,2023-02-01,CARLOS LASTRA FALLAS,CAPACITACION,INTEGRACION DE EQUIPO DE TRABAJO,PUE,3750.0,600.0,4350.0,4350.0,Vigente,PE107-FEB23
344,2023-02-01,MARISOL MENDOZA CHAVEZ,COMPRAS,Pago,Pago,0.0,0.0,0.0,0.0,Vigente,PE107-FEB23
345,2023-02-01,NOVATEL MEXICANA SA DE CV,COMPRAS,"CINTA 0.005"" C/A STD DE 2"" X 33 MT",PPD,42315.0,6770.4,49085.4,49085.4,Vigente,PD02-FEB23
346,2023-02-01,NOVATEL MEXICANA SA DE CV,COMPRAS,"CINTA 0.005"" C/A STD DE 3"" X 33 MT",PPD,2850.0,456.0,3306.0,3306.0,Vigente,PD02-FEB23
347,2023-02-01,PRODUCTOS POLIMEX,COMPRAS,CERAMICA PARA ALTA TEMPERATURA,PPD,8400.0,1344.0,9744.0,9744.0,Vigente,PD02-FEB23
348,2023-02-01,PLAST TEL SA DE CV,COMPRAS,Bolsa natural de polietileno 60 X 90 por kg,PUE,87.93,14.07,102.0,102.0,Vigente,PE97-FEB23
349,2023-02-01,PLAST TEL SA DE CV,COMPRAS,Vinil Orion X Mtro.,PUE,342.67,54.83,397.5,397.5,Vigente,PE97-FEB23
350,2023-02-01,VDM METALS DE MEXICO,COMPRAS,ALAMBRE CRONIX 80-E CAL. B&S 19,PUE,8040.23,1286.44,9326.67,9326.67,Vigente,PE77-FEB23
351,2023-02-01,AESA ARTICULOS ELECTRICOS,COMPRAS,ALAMBRE TERMOPAR DESNUDO K (14),PPD,1680.0,268.8,1948.8,1948.8,Vigente,PD02-FEB23
352,2023-02-01,ASOCIACION DE TRABAJADORES A LA VANGUARDIA,COMISION MIXTA,ADMINISTRACION DE PROGRAMA DE COMPETITIVIDAD CON NUMERO DE FOLIO  CALOR/PEPCE/ATVANGUARDIA/123/2021,PUE,23094.28,0.0,23094.28,23094.28,Vigente,PE84-FEB23
353,2023-02-01,CACELEC,COMPRAS,"TY95 0/200ºC, CAP 3MT, CAMPINI, TERMOSTATO BULBO Y CAPILAR",PPD,1889.8,302.37,2192.17,2192.17,Vigente,PD02-FEB23
354,2023-02-01,SERVICIOS CORPORATIVOS ESPECIALIZADOS DE PRODUCTIVIDAD Y COMPETITIVIDAD EMPRESARIAL,HONORARIOS PM,SERVICIOS LEGALES SOBRE DERECHO LABORAL,PUE,2309.43,369.51,2678.9399999999996,2678.94,Vigente,PE83-FEB23
355,2023-02-01,TELEFONOS DE MEXICO S.A.B. DE C.V.,TELEFONO,Pago,Pago,0.0,0.0,0.0,0.0,Vigente,PE83-FEB23
356,2023-02-01,"Travers Tool, S. de R.L. de C.V.",COMPRAS,Pago,Pago,0.0,0.0,0.0,0.0,Vigente,PE83-FEB23
357,2023-02-01,CONCESIONARIA BICENTENARIO,FLETES,"UID: 156345855671334252111763456789087244, Caseta Laja, carril : 33, Fecha : 2023-02-08 17:44:04",PUE,62.07,9.93,72.0,72.0,Vigente,PE83-FEB23
358,2023-02-01,COMER CHRIS,MTTO LOCAL,HIG.FAPSA (9-180) C/12 HB03318,PUE,539.23,86.28,625.51,625.51,Vigente,PE97-FEB23
359,2023-02-01,DISTRIBUIDORA OC MEXICO S.A .DE C.V.,No se registro,SABONIS PORTAMINAS  2.0MM + REP. MI20   E/BLISTER P-309,PUE,273.28,43.72,317.0,317.0,Vigente,PE97-FEB23
360,2023-02-01,ELECTRONICA QRO PC,COMPRAS,-KIT DE TERMOFIT,PUE,214.66,34.35,249.01,249.01,Vigente,PE97-FEB23
361,2023-02-01,GRAINGER,COMPRAS,"Cartucho Cinta Etiq,Neg/Bco,3/4""x21 pies  Fecha Pedimento 04/11/2022",PPD,785.0,125.6,910.6,910.6,Vigente,PE97-FEB23
362,2023-02-01,IIRSACERO S.A DE C.V.,COMPRAS,1018 RED 3.17 MM(1/8)EF,PUE,295.04,47.21,342.25,342.25,Vigente,PE97-FEB23
363,2023-02-01,OPERADORA DE SERVICIOS PAQUETEXPRESS,PAQUETERIA,SERVICIOS DE PAQUETERIA Y MENSAJERIA,PPD,1968.79,315.01,2283.8,2283.8,Vigente,PD02-FEB23
364,2023-02-01,TORNILLEROS UNIDOS DEL BAJIO,COMPRAS ,"PLASTICO PARA EMPLAYAR 5"" X 244m CALIBRE 50",PUE,289.8,46.37,336.17,336.17,Vigente,PE97-FEB23
365,2023-02-01,ASPEL DE MEXICO,MTTO COMPUTO,Sistema Básico Aspel-SAE,PUE,2887.0,461.92,3348.92,3348.92,Vigente,PE82-FEB23
366,2023-02-01,AR PIROMETRIA E INGENIERIA S.A. DE C.V.,COMPRAS,MALLA TRENZADA DE 6MM EN ACERO INOXIDABLE 316,PPD,5000.0,800.0,5800.0,5800.0,Vigente,PD02-FEB23
367,2023-02-01,ADT PRIVATE SECURITY SERVICES DE MEXICO,MONITOREO CAMARAS ADT,Anticipo Cuenta COM,PUE,1171.92,187.51,1359.43,1359.43,Vigente,PD02-FEB23
368,2023-02-01,CACELEC,COMPRAS,Pago,Pago,0.0,0.0,0.0,0.0,Vigente,PD02-FEB23
369,2023-02-01,VICTOR HUGO CASTRO CANSINO,COMPRAS,FUNDENTE UTP AG PARA SOLDADURA DE PLATA,PUE,980.0,156.8,1136.8,1136.8,Vigente,PE85-FEB23
370,2023-02-01,ADRIANA GARCIA RAMIREZ,No se registro,TRAPO INDUSTRIAL MEDIA CAMISETA,PUE,335.0,53.6,388.6,388.6,Vigente,PE85-FEB23
371,2023-02-01,OPERADORA DE SERVICIOS PAQUETEXPRESS,PAQUETERIA,Pago,Pago,0.0,0.0,0.0,0.0,Vigente,PE85-FEB23
372,2023-02-01,BANCO NACIONAL DE MEXICO SA,COMISION BANCARIA,Pago,Pago,0.0,0.0,0.0,0.0,Vigente,PE85-FEB23
373,2023-02-01,COMERCIALIZADORA ELECTRICA INDUSTRIAL VAZQUEZ,COMPRAS,CABLE F.V.NIQUEL PURO MICA 500°C 600V CAL 18 ROLLO 100 M,PPD,12532.42,2005.19,14537.61,14537.61,Vigente,PD02-FEB23
374,2023-02-01,RADIOMOVIL DIPSA,TELEFONO,VENTA DE TAE PRECARGADO $100 R-50,PUE,344.82,55.17,399.99,399.99,Vigente,PD02-FEB23
375,2023-02-01,JULIO CESAR BARRERA LOPEZ,COMPRAS,SPAGUETTY F.V. 19MM X 1M,PUE,3265.0,522.4,3787.4,3787.4,Vigente,PE104-FEB23
376,2023-02-01,ELECTROTERMICA NACIONAL,COMPRAS,"CABLE PARA TERMOPAR tipo T, calibre 20, con forro de P.V.C., codigo T-PVC-PVC-20S. (109641-1 MO)",PPD,12150.0,1944.0,14094.0,14094.0,Vigente,PD02-FEB23
377,2023-02-01,MARISOL MENDOZA CHAVEZ,COMPRAS,GAS OXIGENO INDUSTRIAL 9.5  M3 .,PPD,560.35,89.66,650.01,650.01,Vigente,PD02-FEB23
378,2023-02-01,MR MULTISERVICIOS INDUSTRIALES,COMPRAS,"SOLERA ALUMINIO 6061 DE 1/2"" X 3""",PPD,1005.0,160.8,1165.8,1165.8,Vigente,PD02-FEB23
379,2023-02-01,MR MULTISERVICIOS INDUSTRIALES,COMPRAS,"BARRA RED AC INOX T-304 1/4""",PPD,185.0,29.6,214.6,214.6,Vigente,PD02-FEB23
380,2023-02-01,PREVISION DEL TRABAJO,VALES DESPENSA,Previvale Despensa Chip / Contraprestación,PUE,135.0,21.6,156.6,156.6,Vigente,PD02-FEB23
381,2023-02-01,CARLOS ENRIQUE ZERMEÑO GUTIERREZ,COMPRAS,VARILLA DE SOLDADURA DE PLATA AL 35% EN 1/16 X 18,PPD,7200.05,1152.01,8352.06,8352.06,Vigente,PD02-FEB23
382,2023-02-01,ASPEL DE MEXICO,MTTO COMPUTO,Sistema Básico Aspel-SAE,PUE,2887.0,461.92,3348.92,3348.92,Vigente,PE109-FEB23
383,2023-02-01,ANGEL ENRIQUE CERVANTES TAVAREZ,No se registro,Mob-HM 68 Aceite para compresor,PUE,5858.99,937.44,6796.43,6796.43,Vigente,PE109-FEB23
384,2023-02-01,FERREBAZTAN DE QUERETARO,No se registro,"[PTR03803814] P.T.R. 11/2"" Cal. 14 Azul ",PUE,780.0,124.8,904.8,904.8,Vigente,PE109-FEB23
385,2023-02-01,IMPRESIONES INTELIGENTES A BAJO COSTO,COMPRAS ,CINTA MASKING TAPE 24*50 11024X5 JANEL,PUE,2381.38,381.02,2762.4,2762.4,Vigente,PE101-FEB23
386,2023-02-01,JM INDUSTRIAL TECHNOLOGY,No se registro,Cable extensión R o S  FibraVidrio 400°C,PUE,1042.0,166.72,1208.72,1208.72,Vigente,PE110-FEB23
387,2023-02-01,MR MULTISERVICIOS INDUSTRIALES,COMPRAS,LAMINA AC NEGRO LISA RF  4X10' CAL-16,PPD,1150.0,184.0,1334.0,1334.0,Vigente,PD02-FEB23
388,2023-02-01,FRANCISCO DE GUADALUPE NOGUERAS RUBIO,GERENCIA ADMON,Servicio dirección empresarial,PUE,30000.0,4800.0,28600.0,28600.0,Vigente,PE111-FEB23
389,2023-02-01,PRODUCTOS REFRACTARIOS PARA LA INDUSTRIA,COMPRAS,"MORTERO DURALIG 44 (8 KG)  ""BARRO MEX""",PUE,216.0,34.56,250.56,250.56,Vigente,PE111-FEB23
390,2023-02-01,TORNILLEROS UNIDOS DEL BAJIO,COMPRAS ,WD 40 - AFLOJATODO AEROSOL 5.5 OZ,PUE,142.16,22.75,164.91,164.91,Vigente,PE111-FEB23
391,2023-02-01,SANJUANA VARGAS ALMANZA,COMPRAS,"1050000000-WEIDMULLER TAPA P/CLEMA WDU2,5-WDU10 ",PPD,1596.01,255.36,1851.37,1851.37,Vigente,PE111-FEB23
392,2023-02-01,"BANCO INVEX, S.A., INSTITUCION DE BANCA MULTIPLE, INVEX, GRUPO FINANCIERO",COMISION BANCARIA,COMISIONES E INTERESES,PUE,0.0,0.0,0.0,0.0,Vigente,PE111-FEB23
393,2023-02-01,BEBIDAS PURIFICADAS,ALIMENTOS,Epura 20 Lts Policarbonato,PUE,220.0,0.0,220.0,220.0,Vigente,PE111-FEB23
394,2023-02-01,BANCO MERCANTIL DEL NORTE SA INSTITUCION DE BANCA MULTIPLE GRUPO FINANCIERO BANORTE,COMISION BANCARIA,SERVICIOS BANCARIOS,PUE,18071.52,682.4,18753.920000000002,18753.92,Vigente,PE111-FEB23
395,2023-02-01,EFECTIVALE S. de R.L. de C.V.,GASOLINA,CONSUMOS DE COMBUSTIBLE DE MONEDEROS ELECTRONICOS,PUE,14472.32,0.0,14472.32,14472.32,Vigente,PE111-FEB23
396,2023-02-01,AESA ARTICULOS ELECTRICOS,COMPRAS,Pago,Pago,0.0,0.0,0.0,0.0,Vigente,PE111-FEB23
